{"cameraMode":{"drawMode":0,"name":"Shaded","section":"Shading Mode"},"sceneLighting":false,"audioPlay":false,"sceneViewState":{"m_AlwaysRefresh":false,"showFog":true,"showSkybox":false,"showFlares":true,"showImageEffects":true,"showParticleSystems":true,"showVisualEffectGraphs":true,"m_FxEnabled":true},"in2DMode":false,"pivot":{"x":5.8158979415893559,"y":-22.46506118774414,"z":15.124674797058106},"rotation":{"x":0.4576563835144043,"y":0.22183138132095338,"z":-0.11933572590351105,"w":0.8527783751487732},"size":18.233802795410158,"orthographic":false}