{"cameraMode":{"drawMode":0,"name":"Shaded","section":"Shading Mode"},"sceneLighting":true,"audioPlay":false,"sceneViewState":{"m_AlwaysRefresh":false,"showFog":true,"showSkybox":true,"showFlares":true,"showImageEffects":true,"showParticleSystems":true,"showVisualEffectGraphs":true,"m_FxEnabled":true},"in2DMode":false,"pivot":{"x":-0.38314780592918398,"y":-6.8072919845581059,"z":4.709716320037842},"rotation":{"x":-0.2651881277561188,"y":0.1947341114282608,"z":-0.054777659475803378,"w":-0.9427388906478882},"size":12.12435531616211,"orthographic":false}