{"cameraMode":{"drawMode":0,"name":"Shaded","section":"Shading Mode"},"sceneLighting":false,"audioPlay":false,"sceneViewState":{"m_AlwaysRefresh":false,"showFog":true,"showSkybox":false,"showFlares":true,"showImageEffects":true,"showParticleSystems":true,"showVisualEffectGraphs":true,"m_FxEnabled":true},"in2DMode":false,"pivot":{"x":1.5620516538619996,"y":-1.4637537002563477,"z":3.6430740356445314},"rotation":{"x":0.4355356693267822,"y":0.001269701635465026,"z":-0.0007110622245818377,"w":0.9002231359481812},"size":6.330436706542969,"orthographic":false}